<?xml version="1.0" encoding="utf-8"?>
<ModMetaData>
  <name>BioSculptingPlus</name>
  <author>Waether</author>
  <url>https://github.com/Waether/BioSculptingPlus</url>
  <supportedVersions>
    <li>1.3</li>
    <li>1.4</li>
  </supportedVersions>
  <modDependencies>
    <li>
      <packageId>Ludeon.Rimworld.Ideology</packageId>
      <displayName>Ideology</displayName>
    </li>
    <li>
      <packageId>brrainz.harmony</packageId>
			<displayName>Harmony</displayName>
			<downloadUrl>https://steamcommunity.com/sharedfiles/filedetails/?id=2009463077</downloadUrl>
    </li>
    <li>
      <packageId>Inglix.FasterBiosculptingPod</packageId>
      <displayName>FasterBiosculptingPod</displayName>
      <steamWorkshopUrl>https://steamcommunity.com/sharedfiles/filedetails/?id=2576257954</steamWorkshopUrl>
    </li>
  </modDependencies>
  <loadAfter>
    <li>Ludeon.RimWorld</li>
    <li>Ludeon.RimWorld.Ideology</li>
    <li>brrainz.harmony</li>
    <li>Inglix.FasterBiosculptingPod</li>
  </loadAfter>
  <packageId>waether.biosculptingplus</packageId>
  <description>
    Adds more functionalities to the biosculpter:

    Current new cycles :
      - Beauty
      - Age Increase
      - Vocal Chords fix (creepy breathing / annoying voice )
      - Tough
      - Immunity
  </description>
</ModMetaData>
